Date,Open,High,Low,Close,Tick Volume,Volume
2018.08.23 10:03,4116.427,4117.951,4114.903,4116.935,1205,3343
2018.08.23 10:04,4116.935,4119.475,4116.427,4117.951,645,1861
2018.08.23 10:05,4117.443,4120.491,4116.427,4120.491,1003,2968
2018.08.23 10:06,4120.491,4122.523,4119.983,4120.999,1897,5201
2018.08.23 10:07,4121.5070000000005,4123.031,4120.491,4122.523,1156,3269
2018.08.23 10:08,4122.523,4123.539000000001,4120.999,4122.015,1223,3816
2018.08.23 10:09,4122.015,4125.063,4122.015,4122.523,2121,6325
2018.08.23 10:10,4123.031,4126.587,4122.523,4126.079000000001,1958,5274
2018.08.23 10:11,4126.587,4128.111,4125.571,4127.603,2604,6939
2018.08.23 10:12,4127.603,4129.635,4126.587,4127.603,1947,5905
2018.08.23 10:13,4127.603,4128.619000000001,4126.587,4127.095,882,2461
2018.08.23 10:14,4127.095,4128.111,4125.063,4127.603,1628,5288
2018.08.23 10:15,4127.095,4129.127,4126.587,4126.587,1172,4094
2018.08.23 10:16,4127.095,4128.619000000001,4126.079000000001,4128.111,630,2101
2018.08.23 10:17,4128.111,4133.7,4128.111,4132.1759999999995,4123,12522
2018.08.23 10:18,4132.1759999999995,4136.24,4132.1759999999995,4136.24,2867,8647
2018.08.23 10:19,4136.24,4138.78,4135.224,4137.764,3111,9871
2018.08.23 10:20,4137.764,4138.78,4136.24,4137.764,1535,5314
2018.08.23 10:21,4137.255999999999,4137.764,4133.192,4135.732,2242,6079
2018.08.23 10:22,4135.732,4137.764,4134.208,4135.732,1509,4297
2018.08.23 10:23,4135.732,4135.732,4133.7,4134.715999999999,562,1665
2018.08.23 10:24,4134.208,4135.224,4133.192,4135.224,769,2550
2018.08.23 10:25,4135.224,4137.255999999999,4134.208,4136.24,1103,3092
2018.08.23 10:26,4136.24,4136.748,4133.7,4133.7,732,2394
2018.08.23 10:27,4134.208,4134.208,4130.143,4131.668,2469,7045
2018.08.23 10:28,4131.668,4133.7,4131.16,4132.1759999999995,909,3270
2018.08.23 10:29,4131.668,4134.208,4131.668,4134.208,592,1895
2018.08.23 10:30,4134.208,4136.24,4133.192,4134.715999999999,1165,3434
2018.08.23 10:31,4134.715999999999,4135.224,4132.684,4135.224,753,2463
2018.08.23 10:32,4134.715999999999,4136.748,4134.208,4135.224,1069,3104
2018.08.23 10:33,4135.732,4135.732,4133.192,4133.7,550,1768
2018.08.23 10:34,4133.7,4135.224,4133.192,4134.715999999999,257,720
2018.08.23 10:35,4135.224,4139.288,4134.208,4138.78,2039,5899
2018.08.23 10:36,4138.78,4141.32,4137.255999999999,4140.812,2967,8753
2018.08.23 10:37,4140.812,4142.844,4139.795999999999,4141.32,2071,7243
2018.08.23 10:38,4140.812,4142.335999999999,4140.304,4140.304,901,3370
2018.08.23 10:39,4140.304,4140.812,4136.748,4137.255999999999,1735,4949
2018.08.23 10:40,4137.255999999999,4137.255999999999,4134.715999999999,4135.732,1284,3784
2018.08.23 10:41,4135.732,4136.24,4133.192,4135.224,1241,3655
2018.08.23 10:42,4134.715999999999,4136.24,4134.715999999999,4135.224,640,2415
2018.08.23 10:43,4135.224,4137.764,4134.715999999999,4136.748,1046,3277
2018.08.23 10:44,4136.24,4136.24,4134.208,4135.224,531,1594
2018.08.23 10:45,4135.732,4135.732,4132.1759999999995,4134.208,1295,3731
2018.08.23 10:46,4134.208,4135.224,4133.192,4133.7,680,2169
2018.08.23 10:47,4133.7,4134.715999999999,4132.1759999999995,4133.192,598,1985
2018.08.23 10:48,4133.192,4134.715999999999,4132.1759999999995,4132.684,445,1287
2018.08.23 10:49,4132.1759999999995,4133.192,4131.16,4131.668,912,2380
2018.08.23 10:50,4131.668,4134.208,4129.127,4133.192,2460,7486
2018.08.23 10:51,4133.192,4133.192,4131.16,4132.1759999999995,850,3541
2018.08.23 10:52,4132.1759999999995,4132.684,4131.16,4132.1759999999995,391,1501
2018.08.23 10:53,4132.1759999999995,4133.192,4128.619000000001,4129.127,1659,5580
2018.08.23 10:54,4128.619000000001,4130.652,4127.603,4128.111,2611,8642
2018.08.23 10:55,4128.619000000001,4131.16,4128.111,4130.652,671,1922
2018.08.23 10:56,4130.143,4133.7,4130.143,4132.1759999999995,1239,4364
2018.08.23 10:57,4131.668,4132.684,4130.652,4131.668,615,2197
2018.08.23 10:58,4131.668,4134.208,4131.668,4133.7,1011,3485
2018.08.23 10:59,4133.7,4137.255999999999,4132.684,4134.715999999999,1992,6346
2018.08.23 11:00,4134.715999999999,4137.764,4133.7,4136.748,1446,4427
2018.08.23 11:01,4136.24,4139.795999999999,4136.24,4137.764,1778,5146
2018.08.23 11:02,4137.764,4139.288,4135.732,4138.78,1133,4071
2018.08.23 11:03,4138.272,4142.335999999999,4138.272,4141.8279999999995,1865,6124
2018.08.23 11:04,4141.8279999999995,4144.3679999999995,4140.304,4143.352,2523,9009
2018.08.23 11:05,4142.844,4144.876,4142.335999999999,4144.876,1403,5054
2018.08.23 11:06,4144.3679999999995,4144.876,4142.335999999999,4142.844,1137,3971
2018.08.23 11:07,4142.335999999999,4146.4,4141.8279999999995,4146.4,2078,6519
2018.08.23 11:08,4145.892,4146.907999999999,4142.335999999999,4143.86,1631,5163
2018.08.23 11:09,4143.86,4143.86,4141.8279999999995,4142.335999999999,744,2367
2018.08.23 11:10,4141.8279999999995,4142.335999999999,4141.32,4141.8279999999995,710,2488
2018.08.23 11:11,4142.335999999999,4146.907999999999,4141.32,4145.384,1781,5671
2018.08.23 11:12,4145.892,4145.892,4143.352,4144.876,898,2771
2018.08.23 11:13,4144.876,4145.892,4142.335999999999,4143.352,885,3519
2018.08.23 11:14,4142.844,4142.844,4140.304,4141.32,1562,5086
2018.08.23 11:15,4141.8279999999995,4142.844,4140.304,4141.8279999999995,758,2729
2018.08.23 11:16,4141.8279999999995,4143.352,4141.8279999999995,4142.335999999999,573,1942
2018.08.23 11:17,4142.335999999999,4142.844,4140.812,4142.335999999999,583,1971
2018.08.23 11:18,4142.335999999999,4144.3679999999995,4141.32,4142.335999999999,942,3290
2018.08.23 11:19,4142.335999999999,4142.335999999999,4137.764,4138.78,2091,7142
2018.08.23 11:20,4139.288,4139.795999999999,4138.272,4139.288,462,1284
2018.08.23 11:21,4139.795999999999,4140.304,4138.272,4138.78,428,1149
2018.08.23 11:22,4139.288,4143.86,4138.272,4142.844,1339,4166
2018.08.23 11:23,4143.352,4146.4,4141.8279999999995,4145.892,1752,5835
2018.08.23 11:24,4145.384,4153.512,4144.876,4149.956,5263,18160
2018.08.23 11:25,4149.448,4150.972,4147.416,4149.956,2037,6669
2018.08.23 11:26,4149.956,4150.972,4146.4,4148.432,1587,5543
2018.08.23 11:27,4148.432,4148.432,4144.3679999999995,4144.3679999999995,1250,3366
2018.08.23 11:28,4144.3679999999995,4145.892,4143.86,4144.3679999999995,829,2847
2018.08.23 11:29,4144.3679999999995,4144.3679999999995,4141.8279999999995,4141.8279999999995,1210,3789
2018.08.23 11:30,4141.8279999999995,4143.352,4140.304,4142.335999999999,1482,4878
2018.08.23 11:31,4142.844,4143.352,4140.304,4141.32,800,3036
2018.08.23 11:32,4140.812,4141.32,4138.78,4139.795999999999,1100,3444
2018.08.23 11:33,4139.795999999999,4142.335999999999,4139.288,4140.812,789,2663
2018.08.23 11:34,4140.812,4142.335999999999,4139.288,4141.8279999999995,450,1396
2018.08.23 11:35,4141.8279999999995,4144.3679999999995,4141.8279999999995,4143.352,1125,3617
2018.08.23 11:36,4143.352,4143.86,4141.8279999999995,4142.335999999999,441,1448
2018.08.23 11:37,4142.844,4143.352,4141.8279999999995,4142.335999999999,333,1208
2018.08.23 11:38,4142.335999999999,4144.876,4142.335999999999,4143.352,886,2973
2018.08.23 11:39,4143.352,4143.352,4141.32,4142.335999999999,827,3145
2018.08.23 11:40,4142.335999999999,4142.844,4141.32,4141.8279999999995,248,784
2018.08.23 11:41,4141.8279999999995,4143.352,4141.32,4142.844,270,897
2018.08.23 11:42,4142.844,4144.876,4142.335999999999,4144.3679999999995,613,1888
2018.08.23 11:43,4144.3679999999995,4145.384,4143.352,4144.3679999999995,628,2011
2018.08.23 11:44,4143.86,4146.907999999999,4143.86,4146.4,888,2908
2018.08.23 11:45,4146.4,4146.907999999999,4144.3679999999995,4146.907999999999,971,3892
2018.08.23 11:46,4146.907999999999,4149.956,4146.907999999999,4148.94,1660,5502
2018.08.23 11:47,4148.94,4149.956,4146.907999999999,4147.416,1339,5500
2018.08.23 11:48,4147.416,4147.924,4145.892,4146.4,822,2739
2018.08.23 11:49,4146.907999999999,4146.907999999999,4143.86,4144.876,1390,5340
2018.08.23 11:50,4144.876,4144.876,4141.32,4141.8279999999995,1383,4233
2018.08.23 11:51,4141.8279999999995,4141.8279999999995,4139.288,4139.288,1365,5166
2018.08.23 11:52,4139.288,4140.304,4138.272,4139.795999999999,1187,3712
2018.08.23 11:53,4139.288,4141.8279999999995,4139.288,4141.32,873,2747
2018.08.23 11:54,4140.812,4143.352,4139.288,4141.8279999999995,1476,5880
2018.08.23 11:55,4141.8279999999995,4142.844,4140.304,4141.8279999999995,674,2334
2018.08.23 11:56,4142.335999999999,4142.335999999999,4139.795999999999,4141.32,495,1569
2018.08.23 11:57,4141.32,4143.86,4140.812,4141.8279999999995,1030,3528
2018.08.23 11:58,4141.32,4141.32,4138.272,4138.272,1270,4321
2018.08.23 11:59,4138.272,4141.32,4138.272,4141.32,714,2203
2018.08.23 12:00,4141.32,4142.844,4139.288,4142.844,806,2400
2018.08.23 12:01,4142.844,4144.3679999999995,4140.812,4142.844,1158,3845
2018.08.23 12:02,4143.352,4143.86,4141.8279999999995,4143.352,519,1891
2018.08.23 12:03,4142.844,4146.4,4142.844,4144.876,1110,3438
2018.08.23 12:04,4144.876,4145.892,4143.86,4144.3679999999995,581,2293
2018.08.23 12:05,4144.3679999999995,4146.907999999999,4143.86,4145.384,769,2696
2018.08.23 12:06,4144.876,4146.4,4142.844,4142.844,629,1763
2018.08.23 12:07,4142.844,4142.844,4140.812,4142.335999999999,969,2933
2018.08.23 12:08,4141.8279999999995,4142.335999999999,4140.812,4141.8279999999995,301,938
2018.08.23 12:09,4141.32,4144.876,4140.812,4143.352,690,2159
2018.08.23 12:10,4143.352,4144.3679999999995,4141.8279999999995,4142.844,357,1369
2018.08.23 12:11,4143.352,4143.86,4142.335999999999,4143.86,262,794
2018.08.23 12:12,4143.86,4146.4,4143.86,4145.892,610,2072
2018.08.23 12:13,4145.892,4146.907999999999,4144.876,4144.876,881,3129
2018.08.23 12:14,4144.876,4145.892,4144.3679999999995,4144.876,315,1191
2018.08.23 12:15,4144.3679999999995,4145.384,4143.352,4143.352,370,1291
2018.08.23 12:16,4143.86,4144.3679999999995,4143.352,4143.86,164,633
2018.08.23 12:17,4143.86,4145.384,4143.352,4145.384,341,1410
2018.08.23 12:18,4145.384,4145.892,4143.86,4143.86,262,798
2018.08.23 12:19,4144.3679999999995,4148.432,4143.86,4148.432,1233,4656
2018.08.23 12:20,4147.924,4149.448,4146.907999999999,4146.907999999999,898,3731
2018.08.23 12:21,4146.907999999999,4148.432,4146.4,4147.416,471,1644
2018.08.23 12:22,4147.416,4147.416,4144.876,4144.876,838,3054
2018.08.23 12:23,4145.384,4145.384,4143.352,4143.352,625,2363
2018.08.23 12:24,4143.86,4145.892,4143.352,4145.384,427,1261
2018.08.23 12:25,4145.384,4145.892,4143.352,4144.876,365,1182
2018.08.23 12:26,4144.876,4144.876,4143.352,4144.3679999999995,299,928
2018.08.23 12:27,4144.876,4146.4,4144.3679999999995,4144.876,373,1096
2018.08.23 12:28,4144.876,4145.384,4144.3679999999995,4144.876,158,482
2018.08.23 12:29,4144.3679999999995,4147.416,4144.3679999999995,4146.907999999999,467,1592
2018.08.23 12:30,4147.416,4148.94,4146.907999999999,4148.432,672,2248
2018.08.23 12:31,4148.432,4148.94,4147.416,4147.924,303,920
2018.08.23 12:32,4147.924,4151.48,4147.924,4150.464,1401,5021
2018.08.23 12:33,4150.972,4151.48,4149.956,4151.48,373,1711
2018.08.23 12:34,4151.48,4155.544,4150.972,4155.036,2161,8441
2018.08.23 12:35,4155.036,4155.544,4152.496,4154.528,1084,4202
2018.08.23 12:36,4155.036,4156.56,4154.02,4155.544,1226,4216
2018.08.23 12:37,4156.052,4157.068,4154.528,4157.068,897,3130
2018.08.23 12:38,4157.068,4159.608,4156.56,4159.1,1697,5925
2018.08.23 12:39,4159.1,4159.608,4156.052,4156.052,1231,3973
2018.08.23 12:40,4156.052,4158.084,4155.036,4157.068,1361,5316
2018.08.23 12:41,4157.576,4158.592000000001,4157.068,4157.068,352,1266
2018.08.23 12:42,4157.068,4162.656,4157.068,4158.592000000001,2376,8160
2018.08.23 12:43,4159.1,4160.116,4158.084,4160.116,473,1468
2018.08.23 12:44,4160.116,4160.624,4158.592000000001,4159.1,482,1663
2018.08.23 12:45,4159.608,4161.1320000000005,4159.1,4160.116,633,3691
2018.08.23 12:46,4160.116,4160.624,4157.576,4158.084,708,2492
2018.08.23 12:47,4158.084,4161.1320000000005,4157.576,4161.1320000000005,572,1797
2018.08.23 12:48,4160.624,4163.6720000000005,4160.116,4160.624,1607,5056
2018.08.23 12:49,4160.624,4161.1320000000005,4158.084,4159.1,668,2070
2018.08.23 12:50,4158.592000000001,4159.608,4157.576,4158.084,556,1962
2018.08.23 12:51,4158.084,4159.608,4157.576,4159.1,383,1615
2018.08.23 12:52,4159.1,4163.6720000000005,4158.592000000001,4163.164000000001,1237,3940
2018.08.23 12:53,4163.164000000001,4164.18,4160.116,4161.1320000000005,1124,3797
2018.08.23 12:54,4161.1320000000005,4161.64,4160.624,4161.1320000000005,206,663
2018.08.23 12:55,4161.1320000000005,4162.656,4159.608,4161.64,664,2075
2018.08.23 12:56,4161.64,4162.656,4160.116,4162.148,410,1260
2018.08.23 12:57,4162.148,4163.164000000001,4160.624,4162.148,445,1211
2018.08.23 12:58,4161.64,4161.64,4159.1,4159.608,562,1679
2018.08.23 12:59,4159.608,4160.624,4159.1,4160.116,248,1052
2018.08.23 13:00,4160.116,4160.624,4158.592000000001,4158.592000000001,571,1918
2018.08.23 13:01,4158.592000000001,4161.64,4158.084,4161.64,838,2917
2018.08.23 13:02,4161.1320000000005,4161.1320000000005,4158.592000000001,4158.592000000001,483,1463
2018.08.23 13:03,4158.592000000001,4160.116,4158.592000000001,4159.1,249,825
2018.08.23 13:04,4159.1,4160.624,4158.592000000001,4159.1,422,1079
2018.08.23 13:05,4159.608,4160.116,4159.1,4160.116,230,795
2018.08.23 13:06,4159.608,4160.624,4158.592000000001,4159.1,341,975
2018.08.23 13:07,4159.1,4159.608,4157.576,4158.592000000001,869,2456
2018.08.23 13:08,4158.084,4160.116,4157.068,4158.084,909,3080
2018.08.23 13:09,4158.084,4159.608,4157.068,4158.592000000001,397,1403
2018.08.23 13:10,4159.1,4160.116,4158.084,4158.592000000001,297,1130
2018.08.23 13:11,4158.592000000001,4158.592000000001,4155.036,4157.576,1434,4852
2018.08.23 13:12,4157.576,4159.608,4157.576,4157.576,594,2252
2018.08.23 13:13,4157.576,4159.1,4157.576,4158.592000000001,278,935
2018.08.23 13:14,4158.592000000001,4159.608,4158.084,4159.1,168,476
2018.08.23 13:15,4159.1,4159.1,4158.084,4158.084,184,606
2018.08.23 13:16,4158.084,4158.592000000001,4156.56,4157.576,720,2878
2018.08.23 13:17,4157.576,4158.592000000001,4156.56,4157.068,306,1460
2018.08.23 13:18,4157.068,4157.068,4155.544,4156.56,600,2072
2018.08.23 13:19,4156.052,4156.56,4154.02,4154.02,789,2394
2018.08.23 13:20,4154.02,4154.528,4153.512,4154.02,591,1767
2018.08.23 13:21,4154.02,4155.544,4153.004,4153.512,769,2578
2018.08.23 13:22,4153.512,4156.56,4153.512,4156.052,588,1845
2018.08.23 13:23,4156.56,4158.084,4156.052,4156.56,1035,3724
2018.08.23 13:24,4156.56,4159.1,4156.052,4157.068,1023,3446
2018.08.23 13:25,4157.576,4158.592000000001,4157.068,4158.592000000001,243,807
2018.08.23 13:26,4158.084,4159.608,4158.084,4158.592000000001,536,1926
2018.08.23 13:27,4159.1,4159.608,4158.592000000001,4159.1,200,717
2018.08.23 13:28,4159.1,4160.116,4158.084,4159.608,348,1206
2018.08.23 13:29,4159.608,4159.608,4157.576,4159.608,431,1265
2018.08.23 13:30,4159.1,4160.624,4158.592000000001,4160.624,549,1752
2018.08.23 13:31,4160.116,4160.624,4159.1,4159.1,441,1595
2018.08.23 13:32,4159.1,4159.1,4157.576,4158.084,459,1439
2018.08.23 13:33,4158.592000000001,4160.116,4158.084,4159.1,242,837
2018.08.23 13:34,4158.592000000001,4159.608,4158.084,4159.1,220,855
2018.08.23 13:35,4159.1,4160.116,4158.592000000001,4159.1,189,947
2018.08.23 13:36,4159.608,4159.608,4158.084,4158.592000000001,207,968
2018.08.23 13:37,4158.592000000001,4159.608,4158.084,4158.592000000001,146,640
2018.08.23 13:38,4158.592000000001,4159.1,4158.084,4158.592000000001,141,542
2018.08.23 13:39,4158.592000000001,4158.592000000001,4155.544,4156.56,957,3511
2018.08.23 13:40,4156.56,4156.56,4155.544,4155.544,273,1049
2018.08.23 13:41,4155.544,4156.56,4154.528,4155.036,584,1967
2018.08.23 13:42,4155.544,4157.068,4154.528,4156.052,290,1172
2018.08.23 13:43,4156.56,4157.068,4156.052,4156.56,162,600
2018.08.23 13:44,4157.068,4158.084,4156.052,4157.068,380,1122
2018.08.23 13:45,4157.576,4157.576,4156.052,4156.56,275,1159
2018.08.23 13:46,4156.56,4156.56,4156.052,4156.56,108,304
2018.08.23 13:47,4156.56,4158.084,4156.56,4157.068,255,1022
2018.08.23 13:48,4157.068,4158.084,4156.56,4157.576,205,741
2018.08.23 13:49,4157.576,4159.1,4156.56,4158.592000000001,498,1726
2018.08.23 13:50,4158.592000000001,4159.1,4157.576,4157.576,316,956
2018.08.23 13:51,4158.084,4159.1,4156.56,4158.592000000001,492,1565
2018.08.23 13:52,4159.1,4161.64,4159.1,4161.1320000000005,1144,3522
2018.08.23 13:53,4161.64,4175.357,4160.624,4174.849,3930,14895
2018.08.23 13:54,4174.849,4175.357,4167.736,4168.244000000001,3102,11272
2018.08.23 13:55,4168.244000000001,4170.785,4166.72,4170.276,1211,3599
2018.08.23 13:56,4170.276,4181.960999999999,4170.276,4175.357,3755,13572
2018.08.23 13:57,4175.865,4175.865,4171.293,4172.817,1373,4690
2018.08.23 13:58,4172.309,4178.405,4172.309,4175.865,1643,5854
2018.08.23 13:59,4175.357,4179.929,4174.849,4175.865,1737,6298
2018.08.23 14:00,4175.357,4180.437,4174.849,4179.929,1983,7169
2018.08.23 14:01,4179.420999999999,4181.4529999999995,4176.880999999999,4178.913,1527,5905
2018.08.23 14:02,4178.405,4178.913,4173.833,4174.340999999999,1242,4944
2018.08.23 14:03,4174.340999999999,4174.849,4171.293,4172.309,1447,5359
2018.08.23 14:04,4172.817,4177.897,4171.8009999999995,4176.880999999999,1551,5503
2018.08.23 14:05,4176.880999999999,4178.913,4171.8009999999995,4172.309,1281,4495
2018.08.23 14:06,4172.309,4175.865,4172.309,4173.325,737,2675
2018.08.23 14:07,4173.325,4175.865,4173.325,4174.849,592,1954
2018.08.23 14:08,4174.340999999999,4177.389,4173.833,4175.357,530,1806
2018.08.23 14:09,4175.865,4177.389,4173.833,4174.340999999999,588,2156
2018.08.23 14:10,4174.849,4175.357,4171.293,4171.8009999999995,917,3331
2018.08.23 14:11,4172.309,4172.309,4170.276,4171.293,763,2588
2018.08.23 14:12,4171.293,4175.357,4170.276,4173.833,1009,3164
2018.08.23 14:13,4173.325,4177.897,4173.325,4177.389,1087,3589
2018.08.23 14:14,4177.389,4181.960999999999,4177.389,4179.929,1729,5614
2018.08.23 14:15,4180.437,4182.977,4178.405,4180.945,1781,6529
2018.08.23 14:16,4180.945,4183.485,4178.405,4179.420999999999,1211,4261
2018.08.23 14:17,4179.420999999999,4179.420999999999,4174.340999999999,4174.849,1417,4157
2018.08.23 14:18,4174.849,4175.357,4172.309,4174.340999999999,1068,3652
2018.08.23 14:19,4174.340999999999,4174.340999999999,4171.8009999999995,4172.309,574,2067
2018.08.23 14:20,4172.817,4174.340999999999,4171.8009999999995,4174.340999999999,620,2327
2018.08.23 14:21,4173.833,4174.340999999999,4172.309,4173.325,272,706
2018.08.23 14:22,4173.325,4174.340999999999,4172.817,4173.833,190,492
2018.08.23 14:23,4174.340999999999,4176.373,4173.833,4174.340999999999,601,1843
2018.08.23 14:24,4174.849,4174.849,4172.309,4172.817,588,1763
2018.08.23 14:25,4172.817,4173.325,4171.8009999999995,4172.817,379,1256
2018.08.23 14:26,4172.817,4178.913,4172.817,4176.373,1375,5107
2018.08.23 14:27,4176.880999999999,4176.880999999999,4173.325,4173.325,733,2314
2018.08.23 14:28,4173.833,4174.340999999999,4172.309,4174.340999999999,580,2052
2018.08.23 14:29,4174.340999999999,4175.357,4171.293,4172.309,856,2809
2018.08.23 14:30,4171.8009999999995,4174.340999999999,4170.276,4171.293,1181,3664
2018.08.23 14:31,4171.293,4176.373,4170.785,4175.357,1414,5374
2018.08.23 14:32,4175.357,4178.913,4175.357,4178.913,904,2857
2018.08.23 14:33,4178.913,4180.437,4178.405,4178.913,909,3270
2018.08.23 14:34,4179.420999999999,4181.4529999999995,4177.897,4178.405,891,2819
2018.08.23 14:35,4178.405,4181.4529999999995,4177.897,4178.913,647,1914
2018.08.23 14:36,4178.913,4179.420999999999,4175.357,4175.865,983,3245
2018.08.23 14:37,4175.865,4176.373,4173.833,4175.357,1006,3358
2018.08.23 14:38,4175.865,4176.880999999999,4173.833,4174.849,515,2190
2018.08.23 14:39,4175.357,4175.357,4173.325,4173.833,496,1602
2018.08.23 14:40,4174.340999999999,4177.389,4173.833,4176.373,504,1660
2018.08.23 14:41,4176.373,4178.405,4174.849,4175.357,458,1828
2018.08.23 14:42,4175.357,4177.897,4174.849,4177.897,309,1152
2018.08.23 14:43,4177.897,4177.897,4174.340999999999,4174.849,374,1496
2018.08.23 14:44,4174.849,4176.880999999999,4174.340999999999,4176.373,364,1542
2018.08.23 14:45,4175.865,4179.420999999999,4175.357,4178.405,739,3482
2018.08.23 14:46,4178.405,4180.945,4178.405,4178.405,677,2417
2018.08.23 14:47,4178.405,4179.929,4177.389,4179.929,489,1638
2018.08.23 14:48,4179.929,4180.437,4176.373,4177.389,602,2290
2018.08.23 14:49,4177.389,4178.405,4176.880999999999,4177.389,285,892
2018.08.23 14:50,4177.897,4177.897,4176.373,4177.389,211,563
2018.08.23 14:51,4177.389,4180.437,4176.880999999999,4179.420999999999,458,1379
2018.08.23 14:52,4179.929,4186.025,4179.929,4185.009,2720,9085
2018.08.23 14:53,4184.501,4185.009,4180.945,4181.4529999999995,1163,3438
2018.08.23 14:54,4180.945,4182.977,4180.437,4182.469,526,1489
2018.08.23 14:55,4182.469,4183.485,4179.420999999999,4179.420999999999,864,2862
2018.08.23 14:56,4179.420999999999,4181.960999999999,4179.420999999999,4180.945,398,1184
2018.08.23 14:57,4180.437,4181.960999999999,4179.929,4181.960999999999,258,646
2018.08.23 14:58,4181.960999999999,4182.469,4179.420999999999,4179.929,491,1433
2018.08.23 14:59,4179.929,4181.960999999999,4178.913,4181.960999999999,759,2499
2018.08.23 15:00,4181.4529999999995,4183.9929999999995,4180.945,4182.469,910,2880
2018.08.23 15:01,4181.960999999999,4184.501,4179.929,4183.9929999999995,1078,3685
2018.08.23 15:02,4183.9929999999995,4188.565,4183.485,4186.025,2214,6807
2018.08.23 15:03,4185.517,4187.549,4184.501,4186.532999999999,891,2595
2018.08.23 15:04,4186.532999999999,4187.549,4185.517,4186.532999999999,709,2168
2018.08.23 15:05,4186.532999999999,4187.549,4184.501,4185.009,771,2670
2018.08.23 15:06,4184.501,4187.041,4184.501,4186.532999999999,463,1525
2018.08.23 15:07,4187.041,4187.041,4185.009,4185.517,316,1012
2018.08.23 15:08,4185.517,4185.517,4183.485,4183.9929999999995,685,2007
2018.08.23 15:09,4183.9929999999995,4185.009,4181.960999999999,4182.977,722,2611
2018.08.23 15:10,4182.977,4186.025,4181.960999999999,4184.501,698,2645
2018.08.23 15:11,4184.501,4189.581,4183.485,4189.073,1539,4717
2018.08.23 15:12,4189.581,4194.153,4187.549,4190.089,2754,9984
2018.08.23 15:13,4190.597,4192.121,4189.581,4192.121,572,2010
2018.08.23 15:14,4192.121,4192.121,4189.073,4190.597,572,2413
2018.08.23 15:15,4190.089,4194.153,4189.581,4192.629,1250,5064
2018.08.23 15:16,4192.121,4193.137,4188.565,4189.073,1187,4475
2018.08.23 15:17,4189.581,4189.581,4186.025,4186.025,988,3737
2018.08.23 15:18,4186.025,4186.532999999999,4183.485,4185.009,1124,4114
2018.08.23 15:19,4185.009,4187.041,4184.501,4185.009,576,2193
2018.08.23 15:20,4185.009,4185.009,4181.4529999999995,4181.960999999999,1287,4080
2018.08.23 15:21,4181.4529999999995,4183.9929999999995,4181.4529999999995,4183.485,449,1548
2018.08.23 15:22,4183.9929999999995,4184.501,4181.960999999999,4184.501,622,2284
2018.08.23 15:23,4185.009,4185.009,4182.469,4183.9929999999995,559,2093
2018.08.23 15:24,4184.501,4188.057,4183.9929999999995,4187.549,1539,4909
2018.08.23 15:25,4187.549,4190.089,4187.041,4188.565,1117,3676
2018.08.23 15:26,4188.565,4190.597,4188.057,4189.073,770,2769
2018.08.23 15:27,4189.073,4190.089,4188.565,4189.581,242,927
2018.08.23 15:28,4189.581,4191.613,4188.057,4190.597,645,1999
2018.08.23 15:29,4190.597,4192.629,4190.597,4191.613,779,2538
2018.08.23 15:30,4191.613,4194.153,4191.613,4191.613,1111,3875
2018.08.23 15:31,4191.613,4192.121,4190.089,4190.089,671,2151
2018.08.23 15:32,4190.089,4194.153,4190.089,4193.137,692,2104
2018.08.23 15:33,4193.137,4194.661,4192.629,4194.153,655,2027
2018.08.23 15:34,4193.645,4197.201,4192.629,4195.169,1729,5916
2018.08.23 15:35,4195.169,4195.677,4192.121,4192.121,1066,3843
2018.08.23 15:36,4192.121,4192.629,4190.597,4192.121,934,3454
2018.08.23 15:37,4191.613,4191.613,4189.581,4190.597,582,2109
2018.08.23 15:38,4190.597,4193.645,4189.581,4192.629,690,2061
2018.08.23 15:39,4192.629,4193.645,4188.565,4190.089,1251,4213
2018.08.23 15:40,4190.089,4192.629,4189.581,4192.121,565,1372
2018.08.23 15:41,4192.121,4192.629,4189.073,4191.105,422,1158
2018.08.23 15:42,4190.597,4191.105,4189.073,4189.073,277,894
2018.08.23 15:43,4189.073,4191.613,4189.073,4191.105,309,1064
2018.08.23 15:44,4191.105,4192.121,4189.581,4191.105,420,1324
2018.08.23 15:45,4191.613,4193.645,4191.105,4191.613,495,1835
2018.08.23 15:46,4191.105,4193.137,4190.597,4192.629,193,519
2018.08.23 15:47,4192.121,4193.645,4191.105,4193.137,298,960
2018.08.23 15:48,4193.645,4198.217000000001,4193.137,4197.201,2144,7450
2018.08.23 15:49,4196.693,4196.693,4194.661,4195.677,755,2635
2018.08.23 15:50,4195.169,4196.693,4194.153,4195.169,930,2832
2018.08.23 15:51,4194.661,4195.169,4191.613,4191.613,934,2802
2018.08.23 15:52,4191.613,4192.629,4189.073,4189.581,1208,4243
2018.08.23 15:53,4189.073,4190.597,4188.057,4189.073,858,2505
2018.08.23 15:54,4189.073,4192.121,4187.041,4190.597,1184,3595
2018.08.23 15:55,4190.597,4191.105,4185.517,4185.517,1047,3144
2018.08.23 15:56,4185.517,4186.532999999999,4181.960999999999,4182.469,1648,5583
2018.08.23 15:57,4181.960999999999,4183.485,4179.929,4182.469,1352,4928
2018.08.23 15:58,4182.469,4182.469,4176.880999999999,4177.389,1394,4374
2018.08.23 15:59,4177.897,4178.405,4176.373,4177.897,1080,3521
2018.08.23 16:00,4177.897,4178.405,4171.8009999999995,4175.357,2334,7145
2018.08.23 16:01,4175.357,4180.945,4174.849,4180.437,1785,5293
2018.08.23 16:02,4180.437,4183.9929999999995,4179.929,4182.977,1736,5854
2018.08.23 16:03,4182.977,4185.517,4181.4529999999995,4183.9929999999995,1087,3803
2018.08.23 16:04,4183.485,4185.517,4182.977,4183.9929999999995,941,3700
2018.08.23 16:05,4183.9929999999995,4183.9929999999995,4179.929,4181.960999999999,1057,2969
2018.08.23 16:06,4182.469,4182.469,4178.405,4180.945,724,2316
2018.08.23 16:07,4180.945,4181.960999999999,4180.945,4181.960999999999,173,515
2018.08.23 16:08,4182.469,4184.501,4181.4529999999995,4181.4529999999995,646,2220
2018.08.23 16:09,4181.4529999999995,4182.469,4180.437,4180.945,279,963
2018.08.23 16:10,4180.945,4182.469,4179.420999999999,4179.420999999999,382,1075
2018.08.23 16:11,4179.420999999999,4179.929,4178.405,4178.405,307,839
2018.08.23 16:12,4178.913,4181.4529999999995,4178.405,4180.437,587,2207
2018.08.23 16:13,4180.945,4181.960999999999,4179.420999999999,4179.929,275,735
2018.08.23 16:14,4179.420999999999,4180.437,4179.420999999999,4179.929,176,559
2018.08.23 16:15,4179.420999999999,4180.945,4178.405,4178.913,611,2241
2018.08.23 16:16,4178.405,4179.420999999999,4177.897,4178.913,446,1237
2018.08.23 16:17,4179.420999999999,4180.945,4178.913,4180.945,303,1074
2018.08.23 16:18,4180.945,4182.469,4179.420999999999,4181.960999999999,511,1635
2018.08.23 16:19,4181.960999999999,4181.960999999999,4180.437,4181.4529999999995,259,875
2018.08.23 16:20,4180.945,4181.4529999999995,4178.913,4179.929,386,1288
2018.08.23 16:21,4179.929,4182.469,4179.929,4181.960999999999,267,1013
2018.08.23 16:22,4182.469,4182.469,4180.437,4181.4529999999995,260,807
2018.08.23 16:23,4181.4529999999995,4182.977,4180.945,4182.977,350,1042
2018.08.23 16:24,4182.977,4184.501,4181.960999999999,4183.9929999999995,533,1787
2018.08.23 16:25,4183.9929999999995,4185.009,4182.469,4182.469,634,1990
2018.08.23 16:26,4182.977,4182.977,4181.4529999999995,4182.469,291,763
2018.08.23 16:27,4182.469,4184.501,4181.960999999999,4183.485,269,896
2018.08.23 16:28,4183.485,4183.9929999999995,4182.469,4183.485,121,340
2018.08.23 16:29,4182.977,4185.009,4182.977,4184.501,339,1034
2018.08.23 16:30,4184.501,4187.041,4183.9929999999995,4186.025,1021,3104
2018.08.23 16:31,4185.517,4186.532999999999,4184.501,4186.532999999999,544,1806
2018.08.23 16:32,4186.532999999999,4187.041,4185.517,4187.041,211,476
2018.08.23 16:33,4186.532999999999,4188.565,4186.532999999999,4187.549,732,2287
2018.08.23 16:34,4187.549,4188.057,4187.549,4188.057,132,357
2018.08.23 16:35,4187.549,4188.565,4186.532999999999,4188.565,528,1634
2018.08.23 16:36,4188.565,4189.581,4188.057,4189.073,307,751
2018.08.23 16:37,4189.581,4190.089,4187.549,4189.073,659,2276
2018.08.23 16:38,4188.565,4190.089,4187.549,4189.581,252,996
2018.08.23 16:39,4190.089,4190.089,4188.565,4188.565,219,618
2018.08.23 16:40,4189.073,4192.121,4189.073,4191.613,824,3196
2018.08.23 16:41,4191.613,4191.613,4190.089,4190.597,279,1055
2018.08.23 16:42,4190.597,4190.597,4189.073,4190.597,334,924
2018.08.23 16:43,4190.089,4190.597,4189.581,4190.089,157,776
2018.08.23 16:44,4189.581,4191.105,4189.073,4190.597,325,1235
2018.08.23 16:45,4191.105,4192.629,4190.597,4191.613,605,2175
2018.08.23 16:46,4192.121,4192.629,4189.581,4190.089,399,1306
2018.08.23 16:47,4190.089,4190.089,4188.057,4188.565,739,2615
2018.08.23 16:48,4188.565,4189.073,4188.057,4188.565,185,717
2018.08.23 16:49,4189.073,4189.073,4187.549,4187.549,179,477
2018.08.23 16:50,4188.057,4189.073,4187.041,4189.073,299,885
2018.08.23 16:51,4189.073,4190.089,4186.532999999999,4186.532999999999,492,1445
2018.08.23 16:52,4186.532999999999,4187.041,4185.009,4185.009,847,3247
2018.08.23 16:53,4185.009,4185.517,4182.469,4183.485,607,2713
2018.08.23 16:54,4182.977,4183.485,4182.469,4182.977,369,1540
2018.08.23 16:55,4183.485,4183.9929999999995,4182.977,4183.9929999999995,251,1087
2018.08.23 16:56,4184.501,4185.009,4183.485,4183.9929999999995,444,1255
2018.08.23 16:57,4183.9929999999995,4187.549,4182.469,4187.549,812,2350
2018.08.23 16:58,4187.549,4189.581,4187.041,4189.073,616,1733
2018.08.23 16:59,4189.581,4193.137,4189.073,4192.121,993,3152
2018.08.23 17:00,4192.629,4192.629,4191.105,4192.629,543,1744
2018.08.23 17:01,4192.121,4195.169,4191.105,4195.169,783,2284
2018.08.23 17:02,4195.169,4195.677,4193.645,4194.661,511,1456
2018.08.23 17:03,4194.661,4195.169,4193.645,4194.661,199,699
2018.08.23 17:04,4195.169,4195.169,4193.137,4193.137,303,925
2018.08.23 17:05,4193.137,4194.153,4192.121,4193.137,282,653
2018.08.23 17:06,4192.629,4193.137,4192.121,4192.121,286,783
2018.08.23 17:07,4192.121,4194.661,4191.105,4192.629,594,1668
2018.08.23 17:08,4192.629,4193.137,4192.629,4193.137,112,275
2018.08.23 17:09,4193.137,4193.137,4192.121,4192.121,104,495
2018.08.23 17:10,4192.121,4192.629,4189.073,4189.581,643,1779
2018.08.23 17:11,4189.073,4190.597,4188.565,4190.089,383,1317
2018.08.23 17:12,4190.089,4190.089,4188.565,4190.089,181,922
2018.08.23 17:13,4189.581,4191.105,4189.581,4190.089,188,596
2018.08.23 17:14,4190.597,4191.105,4190.089,4191.105,117,569
2018.08.23 17:15,4190.597,4191.105,4188.565,4189.073,219,605
2018.08.23 17:16,4188.565,4191.613,4188.565,4191.613,272,890
2018.08.23 17:17,4191.613,4191.613,4190.089,4190.089,173,971
2018.08.23 17:18,4189.581,4191.105,4188.565,4190.597,227,722
2018.08.23 17:19,4190.597,4192.629,4190.597,4191.613,306,868
2018.08.23 17:20,4192.121,4193.137,4191.613,4192.121,162,505
2018.08.23 17:21,4192.629,4193.137,4192.121,4192.121,110,453
2018.08.23 17:22,4192.121,4192.629,4191.105,4191.105,138,334
2018.08.23 17:23,4191.105,4192.121,4190.089,4190.597,164,639
2018.08.23 17:24,4190.597,4191.105,4190.089,4190.089,108,452
2018.08.23 17:25,4190.089,4191.105,4190.089,4191.105,107,332
2018.08.23 17:26,4191.105,4191.105,4188.565,4189.073,267,886
2018.08.23 17:27,4189.581,4189.581,4188.565,4189.073,117,425
2018.08.23 17:28,4189.073,4189.073,4186.532999999999,4187.041,676,2734
2018.08.23 17:29,4187.041,4188.057,4186.532999999999,4187.041,191,506
2018.08.23 17:30,4187.041,4187.549,4186.025,4187.041,327,1202
2018.08.23 17:31,4187.549,4188.057,4186.532999999999,4188.057,120,296
2018.08.23 17:32,4187.549,4190.089,4187.549,4189.073,317,894
2018.08.23 17:33,4189.581,4190.089,4188.565,4189.073,117,349
2018.08.23 17:34,4189.073,4190.089,4186.532999999999,4187.041,288,813
2018.08.23 17:35,4187.041,4188.057,4186.532999999999,4187.549,132,447
2018.08.23 17:36,4188.057,4188.057,4186.532999999999,4186.532999999999,110,398
2018.08.23 17:37,4187.041,4187.041,4186.025,4186.532999999999,155,485
2018.08.23 17:38,4187.041,4187.549,4186.532999999999,4187.041,90,256
2018.08.23 17:39,4187.041,4188.057,4186.532999999999,4187.041,135,440
2018.08.23 17:40,4187.041,4187.549,4186.025,4186.532999999999,137,713
2018.08.23 17:41,4186.532999999999,4187.041,4186.025,4186.532999999999,107,399
2018.08.23 17:42,4186.025,4186.532999999999,4182.977,4184.501,563,1908
2018.08.23 17:43,4183.9929999999995,4184.501,4182.977,4182.977,135,370
2018.08.23 17:44,4182.977,4183.485,4181.4529999999995,4181.960999999999,256,895
2018.08.23 17:45,4182.469,4183.485,4181.4529999999995,4181.4529999999995,302,1068
2018.08.23 17:46,4181.960999999999,4185.009,4181.4529999999995,4184.501,255,764
2018.08.23 17:47,4184.501,4189.581,4183.9929999999995,4189.581,538,2531
2018.08.23 17:48,4189.581,4190.597,4187.041,4188.057,382,1846
2018.08.23 17:49,4187.549,4188.565,4187.041,4187.041,100,371
2018.08.23 17:50,4187.041,4188.057,4186.025,4188.057,186,696
2018.08.23 17:51,4188.057,4188.057,4187.041,4187.549,36,91
2018.08.23 17:52,4187.041,4188.057,4186.532999999999,4186.532999999999,99,354
2018.08.23 17:53,4187.041,4188.565,4186.532999999999,4188.057,66,201
2018.08.23 17:54,4188.565,4190.089,4188.057,4189.073,123,527
2018.08.23 17:55,4189.581,4190.597,4187.041,4187.549,200,1093
2018.08.23 17:56,4187.549,4189.581,4186.532999999999,4188.057,314,1666
2018.08.23 17:57,4188.565,4188.565,4186.025,4187.041,92,344
2018.08.23 17:58,4186.025,4188.057,4185.009,4187.041,117,597
2018.08.23 17:59,4187.549,4187.549,4183.485,4184.501,94,577
2018.08.24 09:00,4163.6720000000005,4163.6720000000005,4160.624,4163.6720000000005,1021,3196
2018.08.24 09:01,4163.164000000001,4172.309,4163.164000000001,4167.736,3495,9074
2018.08.24 09:02,4167.736,4168.752,4163.164000000001,4166.72,2344,6677
2018.08.24 09:03,4166.72,4167.228,4157.576,4157.576,3104,8902
2018.08.24 09:04,4158.084,4159.1,4155.544,4157.068,1698,4446
2018.08.24 09:05,4156.56,4161.64,4155.036,4161.64,2493,6467
2018.08.24 09:06,4161.1320000000005,4172.309,4160.624,4171.8009999999995,4600,12622
2018.08.24 09:07,4172.309,4172.817,4165.704000000001,4166.212,3101,8134
2018.08.24 09:08,4166.212,4169.768,4164.18,4164.18,2094,5246
2018.08.24 09:09,4164.18,4166.212,4158.592000000001,4159.608,3441,9199
2018.08.24 09:10,4159.608,4161.1320000000005,4151.48,4155.544,4294,11103
2018.08.24 09:11,4155.544,4159.608,4155.544,4157.576,2181,5638
2018.08.24 09:12,4157.576,4161.1320000000005,4154.528,4160.624,2762,7789
2018.08.24 09:13,4160.624,4161.64,4158.592000000001,4161.64,1343,3563
2018.08.24 09:14,4161.64,4161.64,4156.56,4157.068,1159,2831
2018.08.24 09:15,4157.068,4160.624,4156.052,4156.052,1613,4263
2018.08.24 09:16,4156.052,4162.148,4156.052,4160.624,1741,4669
2018.08.24 09:17,4160.624,4161.1320000000005,4157.068,4157.068,1338,3748
2018.08.24 09:18,4157.576,4163.6720000000005,4157.068,4163.6720000000005,1812,4818
2018.08.24 09:19,4163.6720000000005,4168.752,4162.656,4167.736,3083,8539
2018.08.24 09:20,4167.736,4175.865,4167.228,4173.833,4805,13198
2018.08.24 09:21,4174.340999999999,4174.849,4167.736,4168.244000000001,3117,8502
2018.08.24 09:22,4168.752,4172.309,4167.228,4172.309,1502,3784
2018.08.24 09:23,4171.8009999999995,4172.817,4170.276,4171.293,1251,3312
2018.08.24 09:24,4171.8009999999995,4172.309,4167.736,4167.736,1740,5716
2018.08.24 09:25,4167.736,4169.26,4167.228,4168.752,906,3398
2018.08.24 09:26,4168.752,4168.752,4164.18,4167.228,2066,5168
2018.08.24 09:27,4166.72,4168.244000000001,4163.6720000000005,4163.6720000000005,1056,2764
2018.08.24 09:28,4163.6720000000005,4164.18,4161.64,4162.148,1020,2843
2018.08.24 09:29,4162.148,4163.6720000000005,4162.148,4163.164000000001,430,1454
2018.08.24 09:30,4162.656,4163.6720000000005,4160.116,4163.6720000000005,1920,5371
2018.08.24 09:31,4164.18,4165.704000000001,4159.608,4161.1320000000005,1753,4311
2018.08.24 09:32,4160.624,4161.1320000000005,4154.02,4154.528,3027,7575
2018.08.24 09:33,4154.528,4155.544,4152.496,4153.004,1781,4567
2018.08.24 09:34,4153.512,4154.528,4151.988,4152.496,1944,5409
2018.08.24 09:35,4153.004,4153.512,4150.464,4150.972,2086,5804
2018.08.24 09:36,4151.48,4153.512,4150.464,4153.512,1213,3490
2018.08.24 09:37,4153.512,4153.512,4151.48,4152.496,888,2452
2018.08.24 09:38,4151.988,4154.528,4151.988,4154.528,1071,2549
2018.08.24 09:39,4154.528,4157.068,4153.512,4156.052,2097,5002
2018.08.24 09:40,4155.544,4158.592000000001,4155.036,4155.036,2089,5606
2018.08.24 09:41,4155.036,4157.576,4154.528,4157.576,762,2013
2018.08.24 09:42,4157.576,4161.1320000000005,4157.068,4158.592000000001,2273,6344
2018.08.24 09:43,4159.1,4162.148,4158.592000000001,4161.1320000000005,1357,4214
2018.08.24 09:44,4161.64,4164.688,4160.624,4164.18,2134,5456
2018.08.24 09:45,4164.18,4164.18,4157.576,4160.116,2959,8122
2018.08.24 09:46,4160.624,4160.624,4157.068,4159.1,1222,3177
2018.08.24 09:47,4159.608,4160.116,4156.56,4157.068,1329,4222
2018.08.24 09:48,4157.068,4160.624,4156.56,4156.56,1205,3441
2018.08.24 09:49,4157.068,4157.576,4155.544,4156.56,920,2818
2018.08.24 09:50,4156.052,4156.052,4151.988,4153.004,1209,2965
2018.08.24 09:51,4153.004,4154.528,4152.496,4153.512,1430,4034
2018.08.24 09:52,4154.02,4154.528,4151.988,4153.004,950,2490
2018.08.24 09:53,4152.496,4157.576,4152.496,4156.56,1556,4047
2018.08.24 09:54,4157.068,4158.592000000001,4156.56,4158.084,1285,3624
2018.08.24 09:55,4157.576,4160.116,4157.068,4160.116,804,1827
2018.08.24 09:56,4160.116,4161.1320000000005,4157.068,4158.084,1768,4830
2018.08.24 09:57,4158.084,4159.608,4154.528,4155.036,1501,4312
2018.08.24 09:58,4155.544,4158.592000000001,4155.036,4158.084,714,1875
2018.08.24 09:59,4157.576,4158.592000000001,4156.56,4158.592000000001,278,688
2018.08.24 10:00,4158.592000000001,4159.608,4154.528,4154.528,1516,4607
2018.08.24 10:01,4154.528,4155.544,4151.988,4154.02,1852,5325
2018.08.24 10:02,4154.02,4154.02,4151.988,4153.512,903,2722
2018.08.24 10:03,4153.512,4154.02,4148.94,4151.988,3656,9696
2018.08.24 10:04,4151.48,4151.988,4149.956,4150.972,728,1767
2018.08.24 10:05,4150.464,4150.972,4147.416,4149.448,2317,6144
2018.08.24 10:06,4149.448,4151.988,4148.94,4151.48,1487,3707
2018.08.24 10:07,4151.988,4152.496,4146.4,4146.4,2468,6996
2018.08.24 10:08,4146.4,4149.956,4146.4,4148.94,1328,3527
2018.08.24 10:09,4148.94,4150.972,4146.4,4146.4,1378,3803
2018.08.24 10:10,4146.4,4147.416,4144.876,4146.4,2166,5837
2018.08.24 10:11,4145.892,4149.448,4145.384,4148.94,1220,3212
2018.08.24 10:12,4149.448,4150.464,4144.3679999999995,4146.907999999999,2253,6936
2018.08.24 10:13,4147.416,4147.924,4141.8279999999995,4144.3679999999995,2761,8034
2018.08.24 10:14,4144.3679999999995,4146.4,4144.3679999999995,4145.384,838,2448
2018.08.24 10:15,4145.384,4147.416,4142.335999999999,4146.907999999999,1712,4715
2018.08.24 10:16,4146.907999999999,4148.432,4145.892,4146.4,936,2743
2018.08.24 10:17,4145.892,4147.416,4144.876,4147.416,1063,3166
2018.08.24 10:18,4146.907999999999,4148.94,4146.4,4148.432,853,1993
2018.08.24 10:19,4148.432,4150.464,4147.924,4148.94,961,2379
2018.08.24 10:20,4149.448,4149.956,4145.384,4146.4,1059,2807
2018.08.24 10:21,4146.4,4149.448,4146.4,4148.432,574,1530
2018.08.24 10:22,4148.432,4149.448,4147.924,4147.924,365,918
2018.08.24 10:23,4148.432,4148.432,4145.892,4146.907999999999,706,1778
2018.08.24 10:24,4146.907999999999,4147.416,4142.844,4146.907999999999,1945,5903
2018.08.24 10:25,4146.4,4148.94,4145.384,4147.924,835,2434
2018.08.24 10:26,4148.432,4148.432,4143.86,4144.876,924,2602
2018.08.24 10:27,4144.3679999999995,4147.416,4144.3679999999995,4146.907999999999,612,1644
2018.08.24 10:28,4147.416,4148.94,4146.4,4147.924,756,2367
2018.08.24 10:29,4148.432,4149.448,4145.892,4145.892,750,2561
2018.08.24 10:30,4145.892,4151.48,4145.892,4150.972,1423,3665
2018.08.24 10:31,4151.48,4151.48,4147.416,4150.464,1446,4315
2018.08.24 10:32,4150.464,4150.464,4146.907999999999,4148.432,784,2389
2018.08.24 10:33,4147.924,4149.956,4147.416,4148.94,502,1593
2018.08.24 10:34,4149.448,4153.512,4149.448,4153.004,2063,6376
2018.08.24 10:35,4153.512,4153.512,4150.972,4151.48,1174,3779
2018.08.24 10:36,4151.48,4151.988,4149.448,4150.972,998,3282
2018.08.24 10:37,4150.972,4151.48,4149.956,4150.464,524,1813
2018.08.24 10:38,4149.956,4152.496,4149.448,4149.956,776,2734
2018.08.24 10:39,4149.956,4152.496,4149.448,4150.464,541,2041
2018.08.24 10:40,4150.972,4154.528,4150.464,4153.004,1316,4040
2018.08.24 10:41,4153.512,4154.528,4153.004,4153.512,560,1914
2018.08.24 10:42,4154.02,4154.528,4153.004,4153.004,938,3792
2018.08.24 10:43,4153.004,4154.528,4150.972,4151.988,989,3451
2018.08.24 10:44,4151.988,4151.988,4149.956,4149.956,965,3146
2018.08.24 10:45,4150.464,4150.972,4148.432,4149.956,1288,4155
2018.08.24 10:46,4149.956,4152.496,4149.448,4150.972,922,2875
2018.08.24 10:47,4151.48,4151.48,4147.924,4149.448,963,2659
2018.08.24 10:48,4148.94,4152.496,4148.94,4151.988,740,2360
2018.08.24 10:49,4151.988,4156.052,4151.48,4155.544,1737,5645
2018.08.24 10:50,4156.052,4159.1,4155.544,4157.576,2722,7677
2018.08.24 10:51,4157.576,4163.164000000001,4157.576,4161.1320000000005,3469,12264
2018.08.24 10:52,4161.64,4163.164000000001,4159.608,4160.624,1493,4718
2018.08.24 10:53,4161.1320000000005,4163.6720000000005,4160.116,4163.164000000001,1005,3394
2018.08.24 10:54,4163.6720000000005,4167.228,4162.656,4166.212,2558,8018
2018.08.24 10:55,4165.704000000001,4170.276,4164.688,4169.768,2475,7526
2018.08.24 10:56,4169.768,4169.768,4166.72,4168.244000000001,1151,3660
2018.08.24 10:57,4168.752,4171.293,4168.244000000001,4171.293,1151,3687
2018.08.24 10:58,4171.293,4171.293,4168.244000000001,4168.752,881,2773
2018.08.24 10:59,4168.244000000001,4174.849,4168.244000000001,4170.785,2006,6593
2018.08.24 11:00,4170.785,4173.833,4169.768,4171.293,1685,7864
2018.08.24 11:01,4170.785,4171.293,4156.052,4159.608,6472,20417
2018.08.24 11:02,4159.608,4162.148,4156.052,4157.068,3202,10884
2018.08.24 11:03,4157.068,4158.084,4151.988,4153.512,3119,9490
2018.08.24 11:04,4154.02,4154.528,4149.956,4154.02,2390,8294
2018.08.24 11:05,4154.02,4156.052,4150.972,4155.544,2222,7020
2018.08.24 11:06,4155.544,4157.068,4147.924,4148.432,4012,14138
2018.08.24 11:07,4148.94,4149.956,4146.4,4147.924,1713,5322
2018.08.24 11:08,4147.416,4151.48,4146.4,4150.464,1559,4410
2018.08.24 11:09,4150.972,4158.592000000001,4150.464,4158.592000000001,2592,7090
2018.08.24 11:10,4158.592000000001,4159.1,4155.036,4157.068,1484,3933
2018.08.24 11:11,4157.068,4167.228,4156.56,4161.64,3934,11632
2018.08.24 11:12,4161.64,4164.18,4161.1320000000005,4161.64,1625,6011
2018.08.24 11:13,4161.64,4162.656,4158.084,4158.084,1563,5920
2018.08.24 11:14,4158.592000000001,4162.148,4158.592000000001,4162.148,825,2300
2018.08.24 11:15,4161.64,4162.656,4159.1,4161.1320000000005,972,3005
2018.08.24 11:16,4160.624,4161.1320000000005,4156.56,4157.068,1312,4690
2018.08.24 11:17,4157.068,4157.576,4150.464,4153.004,2597,8175
2018.08.24 11:18,4152.496,4154.02,4149.956,4150.464,1318,4738
2018.08.24 11:19,4150.972,4155.544,4150.464,4154.528,1421,4920
2018.08.24 11:20,4155.036,4155.036,4151.988,4152.496,740,2057
2018.08.24 11:21,4152.496,4155.036,4150.464,4153.512,1143,3371
2018.08.24 11:22,4153.004,4157.576,4153.004,4154.528,1513,4969
2018.08.24 11:23,4154.528,4159.608,4153.512,4159.1,1480,5326
2018.08.24 11:24,4158.592000000001,4160.624,4157.576,4158.592000000001,1058,3454
2018.08.24 11:25,4158.084,4161.64,4158.084,4159.1,1290,4155
2018.08.24 11:26,4158.592000000001,4162.148,4158.592000000001,4161.1320000000005,940,3248
2018.08.24 11:27,4161.64,4162.656,4159.1,4162.656,819,2513
2018.08.24 11:28,4162.656,4163.6720000000005,4160.624,4163.164000000001,1263,4618
2018.08.24 11:29,4163.6720000000005,4163.6720000000005,4160.624,4162.148,643,2034
2018.08.24 11:30,4161.64,4162.148,4158.084,4159.1,932,2455
2018.08.24 11:31,4159.1,4160.624,4156.56,4159.1,1247,4646
2018.08.24 11:32,4159.608,4160.116,4158.084,4159.608,521,1793
2018.08.24 11:33,4159.1,4160.116,4157.068,4160.116,676,2087
2018.08.24 11:34,4159.608,4160.624,4157.068,4157.068,863,2758
2018.08.24 11:35,4157.576,4158.592000000001,4156.56,4157.068,805,2704
2018.08.24 11:36,4156.56,4159.608,4156.56,4158.084,476,1309
2018.08.24 11:37,4158.084,4160.624,4157.068,4157.576,851,2828
2018.08.24 11:38,4157.576,4159.608,4157.576,4158.084,285,940
2018.08.24 11:39,4158.084,4160.116,4156.052,4156.56,843,2933
2018.08.24 11:40,4156.052,4157.068,4154.02,4156.052,1232,3539
2018.08.24 11:41,4156.56,4156.56,4154.02,4154.528,598,1901
2018.08.24 11:42,4154.528,4155.036,4153.004,4154.02,693,2064
2018.08.24 11:43,4154.02,4155.036,4154.02,4155.036,347,1156
2018.08.24 11:44,4155.036,4156.56,4153.512,4155.036,684,2670
2018.08.24 11:45,4155.036,4156.56,4154.528,4155.036,512,1872
2018.08.24 11:46,4155.036,4155.036,4151.48,4151.48,1063,3035
2018.08.24 11:47,4151.48,4151.988,4148.432,4149.956,1580,5310
2018.08.24 11:48,4149.956,4150.972,4147.416,4147.924,1021,3519
2018.08.24 11:49,4147.924,4151.988,4147.924,4149.448,1300,5065
2018.08.24 11:50,4148.94,4149.956,4147.416,4148.94,653,2193
2018.08.24 11:51,4148.94,4150.972,4147.924,4148.94,673,2465
2018.08.24 11:52,4148.94,4151.48,4148.94,4151.48,548,1668
2018.08.24 11:53,4151.48,4151.48,4146.4,4146.907999999999,926,2925
2018.08.24 11:54,4146.907999999999,4147.924,4145.892,4146.4,856,2791
2018.08.24 11:55,4146.4,4147.416,4145.892,4146.907999999999,652,2433
2018.08.24 11:56,4146.907999999999,4147.924,4143.86,4145.892,1699,6265
2018.08.24 11:57,4145.892,4149.448,4145.892,4147.416,876,2742
2018.08.24 11:58,4147.924,4150.464,4146.907999999999,4149.448,869,2872
2018.08.24 11:59,4149.956,4152.496,4149.448,4149.956,1111,3236
2018.08.24 12:00,4149.956,4149.956,4147.416,4147.924,531,1489
2018.08.24 12:01,4147.924,4149.448,4145.892,4147.924,906,3349
2018.08.24 12:02,4148.432,4149.956,4147.416,4147.924,423,1949
2018.08.24 12:03,4148.432,4149.956,4147.924,4148.94,372,1411
2018.08.24 12:04,4149.448,4149.448,4145.892,4146.907999999999,505,1920
2018.08.24 12:05,4146.4,4147.416,4144.3679999999995,4146.4,980,3729
2018.08.24 12:06,4145.892,4148.94,4145.892,4148.432,564,1552
2018.08.24 12:07,4148.432,4148.94,4145.892,4148.432,456,1298
2018.08.24 12:08,4148.432,4149.956,4146.907999999999,4149.448,762,2540
2018.08.24 12:09,4149.956,4151.988,4148.94,4148.94,1291,4550
2018.08.24 12:10,4149.448,4149.956,4147.924,4149.448,374,1226
2018.08.24 12:11,4149.448,4150.972,4147.924,4149.956,538,2000
2018.08.24 12:12,4149.956,4153.004,4149.448,4152.496,787,2478
2018.08.24 12:13,4152.496,4152.496,4149.448,4149.956,671,1756
2018.08.24 12:14,4149.956,4149.956,4147.416,4148.94,814,2380
2018.08.24 12:15,4148.94,4153.004,4148.432,4151.988,933,3492
2018.08.24 12:16,4152.496,4153.512,4149.448,4153.512,824,2487
2018.08.24 12:17,4153.512,4155.544,4150.972,4155.036,1217,4326
2018.08.24 12:18,4155.036,4155.036,4151.988,4154.02,877,3292
2018.08.24 12:19,4154.528,4156.052,4152.496,4153.004,850,2541
2018.08.24 12:20,4153.004,4155.036,4151.48,4154.02,942,3144
2018.08.24 12:21,4154.528,4155.544,4153.004,4153.512,652,2472
2018.08.24 12:22,4154.02,4155.036,4153.004,4154.528,239,752
2018.08.24 12:23,4154.528,4156.56,4154.02,4156.052,825,2687
2018.08.24 12:24,4155.544,4158.084,4155.036,4157.068,806,2753
2018.08.24 12:25,4157.576,4158.592000000001,4156.56,4158.592000000001,674,1918
2018.08.24 12:26,4158.592000000001,4159.608,4158.084,4158.592000000001,746,2645
2018.08.24 12:27,4158.592000000001,4159.608,4158.592000000001,4159.608,406,1673
2018.08.24 12:28,4159.1,4160.116,4157.576,4158.592000000001,705,2561
2018.08.24 12:29,4158.592000000001,4162.656,4158.084,4162.656,1693,6152
2018.08.24 12:30,4162.148,4164.18,4161.64,4162.148,1132,3493
2018.08.24 12:31,4162.656,4163.6720000000005,4160.624,4160.624,588,1441
2018.08.24 12:32,4160.624,4164.18,4160.116,4163.6720000000005,1014,3406
2018.08.24 12:33,4163.6720000000005,4164.18,4161.64,4163.164000000001,419,1529
2018.08.24 12:34,4163.164000000001,4164.688,4161.64,4164.688,557,1755
2018.08.24 12:35,4164.18,4165.196,4161.64,4163.6720000000005,925,2814
2018.08.24 12:36,4163.6720000000005,4163.6720000000005,4160.624,4161.1320000000005,497,1424
2018.08.24 12:37,4161.1320000000005,4163.6720000000005,4160.624,4161.64,759,2520
2018.08.24 12:38,4161.64,4162.148,4160.116,4161.64,348,1027
2018.08.24 12:39,4161.64,4162.148,4160.624,4161.64,258,986
2018.08.24 12:40,4161.64,4163.164000000001,4161.1320000000005,4162.148,283,832
2018.08.24 12:41,4162.148,4163.6720000000005,4162.148,4163.164000000001,366,1349
2018.08.24 12:42,4163.6720000000005,4164.688,4163.164000000001,4164.688,387,1225
2018.08.24 12:43,4164.18,4164.688,4162.148,4162.656,357,1336
2018.08.24 12:44,4162.148,4162.656,4160.116,4160.624,498,1596
2018.08.24 12:45,4160.624,4162.656,4160.624,4162.148,273,814
2018.08.24 12:46,4162.148,4163.6720000000005,4161.64,4163.6720000000005,371,1355
2018.08.24 12:47,4163.164000000001,4166.72,4163.164000000001,4166.212,1517,5554
2018.08.24 12:48,4166.212,4168.752,4164.688,4168.244000000001,972,3332
2018.08.24 12:49,4168.244000000001,4171.8009999999995,4167.228,4168.752,2288,7867
2018.08.24 12:50,4168.244000000001,4169.768,4167.228,4168.752,833,3470
2018.08.24 12:51,4169.26,4169.26,4166.72,4166.72,520,1857
2018.08.24 12:52,4167.228,4169.26,4167.228,4168.244000000001,379,1459
2018.08.24 12:53,4168.752,4168.752,4165.704000000001,4167.228,581,1740
2018.08.24 12:54,4166.72,4167.228,4164.18,4164.688,849,3185
2018.08.24 12:55,4164.688,4165.704000000001,4163.6720000000005,4165.196,499,2085
2018.08.24 12:56,4164.688,4165.196,4163.164000000001,4164.18,459,1470
2018.08.24 12:57,4164.18,4164.688,4162.656,4163.164000000001,424,1430
2018.08.24 12:58,4163.6720000000005,4164.18,4161.64,4163.6720000000005,552,1785
2018.08.24 12:59,4163.6720000000005,4165.196,4163.164000000001,4164.688,310,1037
2018.08.24 13:00,4164.688,4165.704000000001,4162.656,4164.18,438,1497
2018.08.24 13:01,4164.18,4165.704000000001,4163.6720000000005,4164.18,309,918
2018.08.24 13:02,4164.18,4169.768,4164.18,4169.26,1262,4061
2018.08.24 13:03,4169.768,4172.309,4169.26,4172.309,1164,4827
2018.08.24 13:04,4172.309,4172.309,4170.276,4170.785,457,1491
2018.08.24 13:05,4171.293,4171.293,4168.752,4169.768,616,1723
2018.08.24 13:06,4169.768,4171.8009999999995,4169.768,4171.293,348,1103
2018.08.24 13:07,4171.293,4173.325,4171.293,4172.817,669,1905
2018.08.24 13:08,4172.817,4173.833,4172.309,4172.817,438,1276
2018.08.24 13:09,4172.817,4173.325,4172.309,4172.309,250,750
2018.08.24 13:10,4172.309,4172.309,4167.228,4167.736,1413,4826
2018.08.24 13:11,4167.736,4168.752,4166.72,4168.244000000001,683,2385
2018.08.24 13:12,4168.244000000001,4169.26,4167.228,4167.736,296,751
2018.08.24 13:13,4167.736,4168.752,4166.72,4167.228,299,1047
2018.08.24 13:14,4167.736,4168.752,4166.72,4166.72,295,975
2018.08.24 13:15,4167.228,4168.752,4166.72,4168.244000000001,326,1020
2018.08.24 13:16,4168.244000000001,4168.752,4166.72,4167.228,261,832
2018.08.24 13:17,4167.228,4168.752,4167.228,4167.228,157,572
2018.08.24 13:18,4167.736,4168.244000000001,4165.704000000001,4165.704000000001,698,2877
2018.08.24 13:19,4165.704000000001,4167.736,4165.196,4167.736,412,1357
2018.08.24 13:20,4167.736,4172.817,4166.72,4172.817,1385,4664
2018.08.24 13:21,4172.309,4173.833,4170.785,4173.325,993,3327
2018.08.24 13:22,4173.833,4173.833,4169.768,4172.817,792,2599
2018.08.24 13:23,4173.325,4173.325,4171.8009999999995,4171.8009999999995,293,821
2018.08.24 13:24,4171.8009999999995,4173.325,4171.8009999999995,4172.817,172,568
2018.08.24 13:25,4172.309,4173.325,4170.785,4171.8009999999995,484,1613
2018.08.24 13:26,4171.8009999999995,4172.817,4171.293,4172.309,197,774
2018.08.24 13:27,4172.309,4172.817,4171.293,4171.8009999999995,179,522
2018.08.24 13:28,4171.8009999999995,4172.817,4171.293,4171.8009999999995,181,532
2018.08.24 13:29,4171.293,4173.833,4171.293,4173.325,404,1199
2018.08.24 13:30,4172.817,4179.420999999999,4172.817,4178.913,2987,9776
2018.08.24 13:31,4178.913,4180.437,4177.389,4178.913,1069,3924
2018.08.24 13:32,4178.913,4178.913,4176.880999999999,4178.405,498,1527
2018.08.24 13:33,4177.897,4178.913,4176.880999999999,4177.897,385,1054
2018.08.24 13:34,4178.405,4178.913,4177.897,4177.897,142,306
2018.08.24 13:35,4178.405,4178.913,4176.373,4178.405,467,1279
2018.08.24 13:36,4178.913,4178.913,4175.357,4176.373,828,2841
2018.08.24 13:37,4175.865,4179.929,4175.865,4178.405,675,2327
2018.08.24 13:38,4178.913,4180.437,4178.405,4179.420999999999,594,2426
2018.08.24 13:39,4179.420999999999,4181.960999999999,4178.405,4179.929,874,2963
2018.08.24 13:40,4179.420999999999,4181.4529999999995,4179.420999999999,4179.929,516,1657
2018.08.24 13:41,4180.437,4180.945,4179.929,4179.929,236,632
2018.08.24 13:42,4180.437,4183.485,4179.420999999999,4180.437,1132,3611
2018.08.24 13:43,4180.437,4180.437,4177.389,4177.897,1043,3356
2018.08.24 13:44,4178.405,4179.420999999999,4177.389,4178.913,313,1304
2018.08.24 13:45,4178.913,4179.929,4177.897,4178.913,309,1283
2018.08.24 13:46,4178.405,4178.913,4177.389,4177.389,240,861
2018.08.24 13:47,4177.389,4178.913,4176.880999999999,4178.405,290,870
2018.08.24 13:48,4178.913,4181.4529999999995,4178.405,4180.945,564,1598
2018.08.24 13:49,4180.437,4180.437,4177.897,4178.405,351,1087
2018.08.24 13:50,4178.405,4178.913,4176.880999999999,4177.897,449,1582
2018.08.24 13:51,4177.897,4179.420999999999,4177.389,4178.913,252,1034
2018.08.24 13:52,4178.913,4180.437,4177.389,4179.420999999999,505,2034
2018.08.24 13:53,4178.913,4179.420999999999,4177.389,4178.405,156,628
2018.08.24 13:54,4178.405,4178.405,4176.373,4177.389,462,1357
2018.08.24 13:55,4177.389,4180.437,4177.389,4179.929,590,1880
2018.08.24 13:56,4179.929,4180.437,4177.897,4178.913,252,1077
2018.08.24 13:57,4178.405,4181.960999999999,4178.405,4180.437,836,2748
2018.08.24 13:58,4180.945,4180.945,4178.405,4179.420999999999,547,1675
2018.08.24 13:59,4179.420999999999,4180.945,4177.897,4178.405,521,1739
2018.08.24 14:00,4178.405,4178.405,4174.849,4175.865,1151,3339
2018.08.24 14:01,4175.865,4177.389,4174.340999999999,4175.865,871,3071
2018.08.24 14:02,4175.865,4177.897,4175.357,4176.373,314,861
2018.08.24 14:03,4176.880999999999,4176.880999999999,4174.340999999999,4175.865,533,1908
2018.08.24 14:04,4175.357,4175.865,4174.340999999999,4175.865,295,1330
2018.08.24 14:05,4175.357,4176.880999999999,4174.849,4175.865,275,847
2018.08.24 14:06,4176.373,4176.880999999999,4174.340999999999,4174.849,335,1172
2018.08.24 14:07,4175.357,4176.880999999999,4174.340999999999,4174.340999999999,411,1301
2018.08.24 14:08,4174.849,4175.865,4171.8009999999995,4172.309,1158,3707
2018.08.24 14:09,4172.309,4174.849,4171.8009999999995,4174.340999999999,537,1773
2018.08.24 14:10,4173.833,4175.865,4173.833,4173.833,427,1518
2018.08.24 14:11,4174.340999999999,4175.865,4173.833,4175.357,184,455
2018.08.24 14:12,4175.865,4177.897,4174.849,4177.897,894,2977
2018.08.24 14:13,4177.897,4178.405,4175.865,4177.389,448,1478
2018.08.24 14:14,4176.880999999999,4179.929,4176.880999999999,4177.389,737,2449
2018.08.24 14:15,4177.897,4178.405,4176.880999999999,4178.405,231,605
2018.08.24 14:16,4177.897,4178.913,4177.389,4177.897,346,1031
2018.08.24 14:17,4178.405,4180.437,4177.389,4177.389,483,1282
2018.08.24 14:18,4177.897,4178.913,4176.373,4177.897,459,1414
2018.08.24 14:19,4177.389,4177.897,4176.373,4177.897,239,670
2018.08.24 14:20,4177.389,4180.437,4176.373,4179.420999999999,703,2313
2018.08.24 14:21,4179.420999999999,4180.945,4179.420999999999,4180.437,517,1255
2018.08.24 14:22,4179.929,4181.960999999999,4179.420999999999,4181.960999999999,520,1498
2018.08.24 14:23,4181.4529999999995,4182.977,4180.945,4181.960999999999,551,1807
2018.08.24 14:24,4182.469,4189.581,4181.960999999999,4188.057,3401,11034
2018.08.24 14:25,4187.549,4192.121,4187.549,4189.581,2286,8275
2018.08.24 14:26,4189.073,4190.089,4188.057,4189.073,500,2409
2018.08.24 14:27,4189.073,4191.105,4188.565,4188.565,648,2606
2018.08.24 14:28,4188.565,4189.581,4187.549,4188.057,507,2045
2018.08.24 14:29,4188.057,4189.581,4186.532999999999,4189.581,741,2270
2018.08.24 14:30,4189.581,4191.105,4188.565,4191.105,607,2232
2018.08.24 14:31,4190.597,4194.661,4190.597,4194.153,2317,8442
2018.08.24 14:32,4194.153,4200.249,4192.629,4200.249,3744,13005
2018.08.24 14:33,4199.741,4200.249,4193.137,4195.677,1993,6904
2018.08.24 14:34,4195.677,4202.281,4195.169,4200.249,2552,9594
2018.08.24 14:35,4200.249,4201.773,4195.169,4195.169,1385,4635
2018.08.24 14:36,4195.169,4197.201,4193.137,4194.153,1513,5315
2018.08.24 14:37,4194.153,4195.677,4193.645,4194.153,501,1939
2018.08.24 14:38,4194.661,4195.169,4190.597,4191.105,1482,5289
2018.08.24 14:39,4191.105,4194.153,4190.597,4193.645,780,2692
2018.08.24 14:40,4193.645,4198.217000000001,4193.137,4195.677,1251,4139
2018.08.24 14:41,4195.677,4199.741,4195.169,4195.169,1333,4754
2018.08.24 14:42,4195.169,4196.185,4191.613,4195.677,1280,4500
2018.08.24 14:43,4195.677,4195.677,4192.121,4192.629,694,2384
2018.08.24 14:44,4192.629,4194.661,4191.613,4193.137,485,1501
2018.08.24 14:45,4193.137,4193.645,4190.089,4191.105,759,2081
2018.08.24 14:46,4191.105,4192.121,4188.057,4188.565,1095,3517
2018.08.24 14:47,4189.073,4189.581,4187.041,4188.565,903,2669
2018.08.24 14:48,4188.565,4189.073,4186.532999999999,4187.549,1065,3202
2018.08.24 14:49,4188.057,4189.581,4187.549,4188.565,228,593
2018.08.24 14:50,4189.073,4189.581,4187.549,4187.549,260,1005
2018.08.24 14:51,4188.565,4188.565,4186.532999999999,4187.041,414,1384
2018.08.24 14:52,4187.041,4188.057,4186.532999999999,4187.041,291,791
2018.08.24 14:53,4187.041,4190.089,4187.041,4189.581,503,1906
2018.08.24 14:54,4189.581,4190.089,4187.549,4189.581,422,1304
2018.08.24 14:55,4190.089,4192.121,4187.549,4188.057,970,2806
2018.08.24 14:56,4187.549,4190.597,4187.549,4188.057,463,1461
2018.08.24 14:57,4188.565,4189.073,4187.041,4187.549,365,1280
2018.08.24 14:58,4187.041,4188.565,4187.041,4187.549,199,615
2018.08.24 14:59,4187.549,4188.565,4187.041,4187.549,294,1180
2018.08.24 15:00,4187.041,4188.565,4182.977,4184.501,1970,6429
2018.08.24 15:01,4183.9929999999995,4186.025,4182.977,4184.501,727,2307
2018.08.24 15:02,4184.501,4187.041,4183.9929999999995,4186.025,544,1776
2018.08.24 15:03,4186.025,4187.041,4185.009,4185.009,354,1100
2018.08.24 15:04,4185.009,4185.517,4182.469,4182.469,551,1656
2018.08.24 15:05,4182.469,4183.9929999999995,4181.4529999999995,4183.485,938,3383
2018.08.24 15:06,4183.485,4185.009,4182.469,4185.009,444,1402
2018.08.24 15:07,4184.501,4185.517,4182.469,4182.977,706,2595
2018.08.24 15:08,4182.469,4185.009,4182.469,4183.485,472,1451
2018.08.24 15:09,4183.485,4184.501,4182.977,4183.485,208,513
2018.08.24 15:10,4183.485,4185.009,4182.977,4184.501,320,1013
2018.08.24 15:11,4184.501,4188.057,4183.9929999999995,4187.041,1039,3344
2018.08.24 15:12,4187.041,4188.057,4185.517,4186.532999999999,536,1760
2018.08.24 15:13,4186.532999999999,4188.057,4185.009,4185.517,463,1385
2018.08.24 15:14,4185.517,4187.041,4182.977,4183.9929999999995,1057,3623
2018.08.24 15:15,4183.9929999999995,4185.009,4177.897,4178.913,1906,5932
2018.08.24 15:16,4178.913,4179.929,4176.880999999999,4178.913,1094,3256
2018.08.24 15:17,4178.405,4179.420999999999,4177.897,4178.405,330,966
2018.08.24 15:18,4177.897,4179.929,4177.389,4177.389,546,1807
2018.08.24 15:19,4177.389,4178.913,4177.389,4178.405,168,473
2018.08.24 15:20,4178.405,4179.929,4176.373,4178.913,944,3030
2018.08.24 15:21,4178.913,4180.945,4178.913,4180.945,422,1434
2018.08.24 15:22,4180.945,4181.960999999999,4179.929,4180.945,559,1539
2018.08.24 15:23,4181.4529999999995,4182.469,4177.389,4179.929,944,3356
2018.08.24 15:24,4179.420999999999,4179.929,4177.389,4177.897,360,1066
2018.08.24 15:25,4178.405,4179.929,4178.405,4179.929,162,378
2018.08.24 15:26,4179.929,4181.4529999999995,4178.913,4179.929,445,1196
2018.08.24 15:27,4179.929,4180.437,4178.405,4178.913,279,1172
2018.08.24 15:28,4179.420999999999,4179.929,4176.373,4176.373,550,1796
2018.08.24 15:29,4176.373,4178.405,4176.373,4176.373,477,1449
2018.08.24 15:30,4176.880999999999,4176.880999999999,4174.340999999999,4176.880999999999,922,3032
2018.08.24 15:31,4176.880999999999,4179.420999999999,4176.880999999999,4178.405,968,3668
2018.08.24 15:32,4178.405,4179.929,4175.865,4177.389,657,2514
2018.08.24 15:33,4177.389,4178.913,4176.373,4178.405,318,1046
2018.08.24 15:34,4178.405,4178.913,4174.849,4175.865,445,1246
2018.08.24 15:35,4175.865,4177.897,4174.849,4177.389,393,1215
2018.08.24 15:36,4177.389,4177.897,4176.880999999999,4177.389,132,354
2018.08.24 15:37,4177.897,4177.897,4169.768,4173.325,2543,8710
2018.08.24 15:38,4173.833,4174.340999999999,4172.309,4172.817,471,1689
2018.08.24 15:39,4172.309,4172.817,4167.228,4169.26,1438,4674
2018.08.24 15:40,4168.752,4171.293,4168.244000000001,4171.293,719,2249
2018.08.24 15:41,4170.785,4172.309,4170.785,4172.309,355,1208
2018.08.24 15:42,4172.309,4172.817,4171.8009999999995,4172.817,381,938
2018.08.24 15:43,4172.309,4174.340999999999,4172.309,4174.340999999999,418,1208
2018.08.24 15:44,4174.340999999999,4174.340999999999,4172.309,4172.309,330,867
2018.08.24 15:45,4171.8009999999995,4174.340999999999,4171.8009999999995,4173.833,381,1133
2018.08.24 15:46,4173.833,4176.373,4172.817,4174.849,854,2654
2018.08.24 15:47,4175.357,4176.880999999999,4174.849,4174.849,481,1687
2018.08.24 15:48,4174.849,4175.357,4170.785,4172.309,918,3141
2018.08.24 15:49,4172.309,4173.325,4171.293,4171.8009999999995,360,974
2018.08.24 15:50,4171.8009999999995,4173.833,4171.293,4173.833,315,1023
2018.08.24 15:51,4173.325,4174.849,4171.8009999999995,4173.833,480,1548
2018.08.24 15:52,4173.833,4174.849,4172.309,4173.325,258,703
2018.08.24 15:53,4173.325,4175.357,4170.785,4175.357,825,2217
2018.08.24 15:54,4174.849,4177.389,4174.340999999999,4175.865,1098,4060
2018.08.24 15:55,4175.357,4176.880999999999,4174.340999999999,4175.357,419,1155
2018.08.24 15:56,4175.865,4179.929,4175.865,4178.913,1236,4154
2018.08.24 15:57,4178.913,4179.420999999999,4177.897,4178.913,408,1144
2018.08.24 15:58,4178.913,4179.929,4177.897,4179.420999999999,422,1542
2018.08.24 15:59,4179.929,4180.437,4178.405,4179.420999999999,444,1507
2018.08.24 16:00,4179.420999999999,4181.4529999999995,4178.913,4181.4529999999995,742,2607
2018.08.24 16:01,4180.945,4181.960999999999,4180.437,4181.4529999999995,586,2179
2018.08.24 16:02,4180.945,4181.960999999999,4179.929,4180.437,482,1869
2018.08.24 16:03,4180.437,4180.437,4178.913,4179.420999999999,374,1319
2018.08.24 16:04,4179.420999999999,4179.929,4177.389,4178.913,548,1648
2018.08.24 16:05,4178.405,4179.929,4177.389,4177.389,683,2960
2018.08.24 16:06,4177.389,4177.897,4175.865,4177.389,504,1575
2018.08.24 16:07,4176.880999999999,4178.913,4176.373,4178.913,344,1193
2018.08.24 16:08,4178.913,4179.420999999999,4178.405,4178.913,166,558
2018.08.24 16:09,4178.913,4179.420999999999,4176.880999999999,4177.389,254,799
2018.08.24 16:10,4177.897,4177.897,4173.833,4173.833,910,2878
2018.08.24 16:11,4173.833,4174.340999999999,4173.325,4174.340999999999,359,1014
2018.08.24 16:12,4174.849,4174.849,4172.817,4173.325,374,1108
2018.08.24 16:13,4173.833,4173.833,4172.309,4172.309,212,691
2018.08.24 16:14,4172.309,4172.817,4171.293,4171.8009999999995,390,1418
2018.08.24 16:15,4171.8009999999995,4171.8009999999995,4171.293,4171.8009999999995,200,610
2018.08.24 16:16,4171.8009999999995,4171.8009999999995,4168.244000000001,4168.752,933,3035
2018.08.24 16:17,4168.752,4169.26,4167.736,4167.736,514,1372
2018.08.24 16:18,4168.244000000001,4169.768,4167.736,4169.768,349,1168
2018.08.24 16:19,4169.768,4170.276,4168.752,4170.276,362,1624
2018.08.24 16:20,4169.768,4171.8009999999995,4169.768,4171.293,695,2481
2018.08.24 16:21,4170.785,4171.8009999999995,4170.276,4171.293,262,837
2018.08.24 16:22,4171.293,4172.309,4171.293,4172.309,192,807
2018.08.24 16:23,4172.309,4172.309,4170.276,4171.8009999999995,289,1009
2018.08.24 16:24,4172.309,4173.325,4171.8009999999995,4173.325,327,1036
2018.08.24 16:25,4172.817,4175.357,4172.817,4174.340999999999,677,2397
2018.08.24 16:26,4174.340999999999,4176.880999999999,4174.340999999999,4176.373,584,1689
2018.08.24 16:27,4175.865,4176.373,4175.357,4175.357,237,952
2018.08.24 16:28,4175.357,4176.880999999999,4175.357,4175.865,221,612
2018.08.24 16:29,4175.357,4175.865,4173.325,4173.325,528,1374
2018.08.24 16:30,4173.325,4174.340999999999,4173.325,4173.833,212,646
2018.08.24 16:31,4173.833,4176.373,4173.833,4174.849,410,1319
2018.08.24 16:32,4174.849,4175.357,4172.309,4172.309,451,1235
2018.08.24 16:33,4172.309,4172.817,4170.276,4170.785,673,1979
2018.08.24 16:34,4171.293,4171.8009999999995,4169.768,4171.293,420,1365
2018.08.24 16:35,4171.8009999999995,4172.817,4170.785,4170.785,239,767
2018.08.24 16:36,4170.785,4172.817,4170.785,4172.817,199,642
2018.08.24 16:37,4172.817,4172.817,4170.785,4171.293,288,1012
2018.08.24 16:38,4171.293,4173.325,4170.785,4171.8009999999995,241,838
2018.08.24 16:39,4172.309,4173.325,4171.293,4172.309,228,860
2018.08.24 16:40,4172.309,4172.817,4171.8009999999995,4172.309,116,286
2018.08.24 16:41,4171.8009999999995,4172.309,4170.276,4170.785,243,783
2018.08.24 16:42,4170.785,4170.785,4169.768,4170.785,139,320
2018.08.24 16:43,4170.276,4171.8009999999995,4170.276,4171.8009999999995,118,365
2018.08.24 16:44,4171.8009999999995,4171.8009999999995,4170.785,4170.785,99,301
2018.08.24 16:45,4171.293,4171.293,4168.244000000001,4168.752,455,1695
2018.08.24 16:46,4168.752,4169.768,4167.736,4169.26,477,2748
2018.08.24 16:47,4169.26,4170.276,4168.244000000001,4168.752,185,486
2018.08.24 16:48,4169.26,4169.768,4166.72,4167.736,554,1871
2018.08.24 16:49,4168.244000000001,4168.244000000001,4167.228,4167.736,205,580
2018.08.24 16:50,4167.736,4168.752,4167.228,4168.244000000001,173,616
2018.08.24 16:51,4168.244000000001,4169.26,4168.244000000001,4168.752,148,424
2018.08.24 16:52,4168.752,4168.752,4168.244000000001,4168.752,53,194
2018.08.24 16:53,4168.752,4169.768,4168.244000000001,4169.26,241,1681
2018.08.24 16:54,4169.26,4169.768,4169.26,4169.26,99,267
2018.08.24 16:55,4169.768,4170.276,4168.752,4169.26,145,424
2018.08.24 16:56,4169.26,4171.8009999999995,4169.26,4171.8009999999995,430,1259
2018.08.24 16:57,4171.8009999999995,4173.325,4171.293,4172.817,533,1481
2018.08.24 16:58,4172.817,4173.833,4172.817,4173.325,327,994
2018.08.24 16:59,4173.325,4173.833,4172.309,4172.817,369,1192
2018.08.24 17:00,4173.325,4174.849,4173.325,4174.340999999999,330,1110
2018.08.24 17:01,4174.340999999999,4174.849,4172.817,4173.833,211,797
2018.08.24 17:02,4173.833,4173.833,4171.293,4171.8009999999995,374,1632
2018.08.24 17:03,4171.8009999999995,4172.309,4170.276,4171.293,357,1105
2018.08.24 17:04,4171.293,4171.293,4169.768,4171.293,229,709
2018.08.24 17:05,4171.293,4172.309,4170.785,4172.309,199,735
2018.08.24 17:06,4172.309,4173.833,4172.309,4173.325,232,686
2018.08.24 17:07,4173.833,4173.833,4172.817,4172.817,82,204
2018.08.24 17:08,4172.817,4173.833,4172.817,4173.833,78,206
2018.08.24 17:09,4173.325,4173.833,4173.325,4173.833,92,266
2018.08.24 17:10,4173.325,4173.833,4172.817,4173.833,128,592
2018.08.24 17:11,4173.325,4174.340999999999,4172.817,4173.833,129,538
2018.08.24 17:12,4174.340999999999,4175.865,4173.833,4175.357,386,1273
2018.08.24 17:13,4174.849,4175.865,4174.849,4175.357,173,662
2018.08.24 17:14,4175.357,4175.865,4174.849,4175.865,145,380
2018.08.24 17:15,4176.373,4179.929,4175.357,4177.897,1073,3772
2018.08.24 17:16,4177.897,4178.913,4176.880999999999,4177.897,265,998
2018.08.24 17:17,4177.897,4178.405,4176.373,4177.389,308,1080
2018.08.24 17:18,4177.897,4177.897,4176.373,4176.880999999999,96,434
2018.08.24 17:19,4176.880999999999,4177.389,4176.373,4176.880999999999,81,264
2018.08.24 17:20,4176.880999999999,4177.897,4176.373,4177.389,153,482
2018.08.24 17:21,4177.389,4178.405,4177.389,4177.389,121,401
2018.08.24 17:22,4177.897,4177.897,4176.880999999999,4176.880999999999,51,117
2018.08.24 17:23,4176.880999999999,4177.389,4176.880999999999,4177.389,32,98
2018.08.24 17:24,4177.389,4177.897,4177.389,4177.897,32,79
2018.08.24 17:25,4177.897,4178.405,4177.897,4177.897,67,208
2018.08.24 17:26,4177.897,4179.420999999999,4177.897,4178.913,273,867
2018.08.24 17:27,4178.913,4179.929,4178.913,4179.929,131,384
2018.08.24 17:28,4179.929,4180.437,4178.913,4179.420999999999,262,995
2018.08.24 17:29,4179.929,4179.929,4178.405,4178.913,181,783
2018.08.24 17:30,4178.913,4179.420999999999,4176.880999999999,4176.880999999999,406,1375
2018.08.24 17:31,4176.880999999999,4177.389,4176.880999999999,4176.880999999999,107,290
2018.08.24 17:32,4176.880999999999,4177.389,4175.357,4175.865,308,948
2018.08.24 17:33,4175.865,4176.880999999999,4175.865,4176.373,98,354
2018.08.24 17:34,4176.880999999999,4176.880999999999,4176.373,4176.373,29,78
2018.08.24 17:35,4176.880999999999,4176.880999999999,4176.373,4176.880999999999,47,137
2018.08.24 17:36,4176.880999999999,4176.880999999999,4173.325,4174.340999999999,395,1744
2018.08.24 17:37,4174.340999999999,4175.357,4173.833,4174.340999999999,168,630
2018.08.24 17:38,4174.340999999999,4175.357,4174.340999999999,4174.849,35,67
2018.08.24 17:39,4174.849,4175.865,4174.340999999999,4174.340999999999,78,286
2018.08.24 17:40,4174.340999999999,4174.849,4173.833,4174.340999999999,103,359
2018.08.24 17:41,4173.833,4174.849,4173.833,4174.340999999999,45,203
2018.08.24 17:42,4174.340999999999,4174.849,4174.340999999999,4174.849,32,66
2018.08.24 17:43,4174.340999999999,4174.849,4173.833,4174.849,85,273
2018.08.24 17:44,4174.340999999999,4174.849,4173.833,4174.340999999999,81,243
2018.08.24 17:45,4174.849,4174.849,4172.817,4173.833,159,638
2018.08.24 17:46,4173.833,4173.833,4173.325,4173.833,21,46
2018.08.24 17:47,4173.833,4174.849,4173.325,4174.849,177,629
2018.08.24 17:48,4174.849,4176.880999999999,4174.340999999999,4176.880999999999,221,875
2018.08.24 17:49,4176.880999999999,4177.389,4175.865,4176.373,142,538
2018.08.24 17:50,4176.373,4176.880999999999,4175.865,4176.373,104,290
2018.08.24 17:51,4176.880999999999,4176.880999999999,4173.833,4175.357,114,410
2018.08.24 17:52,4174.340999999999,4174.849,4173.833,4173.833,55,272
2018.08.24 17:53,4174.340999999999,4174.849,4172.817,4172.817,80,388
2018.08.24 17:54,4172.817,4174.340999999999,4172.309,4173.325,38,149
2018.08.24 17:55,4174.340999999999,4174.340999999999,4172.817,4173.833,40,292
2018.08.24 17:56,4173.325,4174.849,4172.817,4174.340999999999,203,863
2018.08.24 17:57,4174.849,4174.849,4173.325,4173.833,45,181
2018.08.24 17:58,4173.833,4179.420999999999,4173.325,4175.357,117,704
2018.08.24 17:59,4175.865,4176.880999999999,4173.325,4173.833,69,246